Workbook

Sheet Supplier Scorecard
A1: Supplier ID | B1: Supplier Name | C1: Technical Capability | D1: Quality Performance | E1: Financial Health | F1: ESG Compliance | G1: Innovation Capability | H1: Technical Subscore | I1: Quality Subscore | J1: Financial Subscore | K1: ESG Subscore | L1: Innovation Subscore | M1: Composite Score | N1: Country
A2: 1 | B2: Foxconn | C2: 85 | D2: 78 | E2: 82 | F2: 60 | G2: 70 | H2: 0.85 | I2: 0.78 | J2: 0.82 | K2: 0.6 | L2: 0.7 | M2: =SUM(C2*Weights!B2, D2*Weights!B3, E2*Weights!B4, F2*Weights!B5, G2*Weights!B6) | N2: China
A3: 2 | B3: Jabil | C3: 80 | D3: 82 | E3: 75 | F3: 70 | G3: 78 | H3: 0.8 | I3: 0.82 | J3: 0.75 | K3: 0.7 | L3: 0.78 | M3: =SUM(C3*Weights!B2, D3*Weights!B3, E3*Weights!B4, F3*Weights!B5, G3*Weights!B6) | N3: USA
A4: 3 | B4: Flex | C4: 78 | D4: 80 | E4: 79 | F4: 72 | G4: 76 | H4: 0.78 | I4: 0.8 | J4: 0.79 | K4: 0.72 | L4: 0.76 | M4: =SUM(C4*Weights!B2, D4*Weights!B3, E4*Weights!B4, F4*Weights!B5, G4*Weights!B6) | N4: Singapore
A5: 4 | B5: Pegatron | C5: 76 | D5: 74 | E5: 70 | F5: 58 | G5: 65 | H5: 0.76 | I5: 0.74 | J5: 0.7 | K5: 0.58 | L5: 0.65 | M5: =SUM(C5*Weights!B2, D5*Weights!B3, E5*Weights!B4, F5*Weights!B5, G5*Weights!B6) | N5: Taiwan
A6: 5 | B6: Wistron | C6: 75 | D6: 73 | E6: 68 | F6: 62 | G6: 63 | H6: 0.75 | I6: 0.73 | J6: 0.68 | K6: 0.62 | L6: 0.63 | M6: =SUM(C6*Weights!B2, D6*Weights!B3, E6*Weights!B4, F6*Weights!B5, G6*Weights!B6) | N6: Taiwan

Sheet Weights
A1: Metric | B1: Weight (%)
A2: Technical Capability | B2: 25
A3: Quality Performance | B3: 25
A4: Financial Health | B4: 15
A5: ESG Compliance | B5: 20
A6: Innovation Capability | B6: 15

Sheet Dashboard Prep
A1: Supplier Name | B1: Composite Score | C1: Technical | D1: Quality | E1: Financial | F1: ESG | G1: Innovation
A2: =Supplier Scorecard!B2 | B2: =Supplier Scorecard!M2 | C2: =Supplier Scorecard!C2 | D2: =Supplier Scorecard!D2 | E2: =Supplier Scorecard!E2 | F2: =Supplier Scorecard!F2 | G2: =Supplier Scorecard!G2
A3: =Supplier Scorecard!B3 | B3: =Supplier Scorecard!M3 | C3: =Supplier Scorecard!C3 | D3: =Supplier Scorecard!D3 | E3: =Supplier Scorecard!E3 | F3: =Supplier Scorecard!F3 | G3: =Supplier Scorecard!G3
A4: =Supplier Scorecard!B4 | B4: =Supplier Scorecard!M4 | C4: =Supplier Scorecard!C4 | D4: =Supplier Scorecard!D4 | E4: =Supplier Scorecard!E4 | F4: =Supplier Scorecard!F4 | G4: =Supplier Scorecard!G4
A5: =Supplier Scorecard!B5 | B5: =Supplier Scorecard!M5 | C5: =Supplier Scorecard!C5 | D5: =Supplier Scorecard!D5 | E5: =Supplier Scorecard!E5 | F5: =Supplier Scorecard!F5 | G5: =Supplier Scorecard!G5
A6: =Supplier Scorecard!B6 | B6: =Supplier Scorecard!M6 | C6: =Supplier Scorecard!C6 | D6: =Supplier Scorecard!D6 | E6: =Supplier Scorecard!E6 | F6: =Supplier Scorecard!F6 | G6: =Supplier Scorecard!G6
